{
	"info": {
		"_postman_id": "d379e9c8-32fe-4b7c-8ae7-da3d19a90939",
		"name": "auth-jwt",
		"schema": "https://schema.getpostman.com/json/collection/v2.1.0/collection.json"
	},
	"item": [
		{
			"name": "auth",
			"item": [
				{
					"name": "signup",
					"request": {
						"method": "POST",
						"header": [],
						"body": {
							"mode": "raw",
							"raw": "{\r\n\t\"email\": \"abc@gmail.com\",\r\n\t\"password\": \"\"\r\n}",
							"options": {
								"raw": {
									"language": "json"
								}
							}
						},
						"url": {
							"raw": "{{local-url}}/signup",
							"host": [
								"{{local-url}}"
							],
							"path": [
								"signup"
							]
						}
					},
					"response": [
						{
							"name": "success-signup",
							"originalRequest": {
								"method": "POST",
								"header": [],
								"body": {
									"mode": "raw",
									"raw": "{\r\n\t\"email\": \"abc@gmail.com\",\r\n\t\"password\": \"123\"\r\n}",
									"options": {
										"raw": {
											"language": "json"
										}
									}
								},
								"url": {
									"raw": "{{local-url}}/signup",
									"host": [
										"{{local-url}}"
									],
									"path": [
										"signup"
									]
								}
							},
							"status": "Created",
							"code": 201,
							"_postman_previewlanguage": "json",
							"header": [
								{
									"key": "X-Powered-By",
									"value": "Express"
								},
								{
									"key": "Access-Control-Allow-Origin",
									"value": "*"
								},
								{
									"key": "Content-Type",
									"value": "application/json; charset=utf-8"
								},
								{
									"key": "Content-Length",
									"value": "48"
								},
								{
									"key": "ETag",
									"value": "W/\"30-oWMUxZUrZ0dAlVQOF65+zZPMw48\""
								},
								{
									"key": "Date",
									"value": "Sat, 26 Mar 2022 02:42:43 GMT"
								},
								{
									"key": "Connection",
									"value": "keep-alive"
								},
								{
									"key": "Keep-Alive",
									"value": "timeout=5"
								}
							],
							"cookie": [],
							"body": "{\n    \"message\": \"Signup success, you can login now.\"\n}"
						},
						{
							"name": "error-email already exists",
							"originalRequest": {
								"method": "POST",
								"header": [],
								"body": {
									"mode": "raw",
									"raw": "{\r\n\t\"email\": \"abc@gmail.com\",\r\n\t\"password\": \"123\"\r\n}",
									"options": {
										"raw": {
											"language": "json"
										}
									}
								},
								"url": {
									"raw": "{{local-url}}/signup",
									"host": [
										"{{local-url}}"
									],
									"path": [
										"signup"
									]
								}
							},
							"status": "Unprocessable Entity",
							"code": 422,
							"_postman_previewlanguage": "json",
							"header": [
								{
									"key": "X-Powered-By",
									"value": "Express"
								},
								{
									"key": "Access-Control-Allow-Origin",
									"value": "*"
								},
								{
									"key": "Content-Type",
									"value": "application/json; charset=utf-8"
								},
								{
									"key": "Content-Length",
									"value": "32"
								},
								{
									"key": "ETag",
									"value": "W/\"20-ckTuFhyonkFoCFQ3U/xDrLHJIXM\""
								},
								{
									"key": "Date",
									"value": "Sat, 26 Mar 2022 02:43:57 GMT"
								},
								{
									"key": "Connection",
									"value": "keep-alive"
								},
								{
									"key": "Keep-Alive",
									"value": "timeout=5"
								}
							],
							"cookie": [],
							"body": "{\n    \"error\": \"email already exists\"\n}"
						},
						{
							"name": "error-email & password is required",
							"originalRequest": {
								"method": "POST",
								"header": [],
								"body": {
									"mode": "raw",
									"raw": "{\r\n\t\"email\": \"abc@gmail.com\",\r\n\t\"password\": \"\"\r\n}",
									"options": {
										"raw": {
											"language": "json"
										}
									}
								},
								"url": {
									"raw": "{{local-url}}/signup",
									"host": [
										"{{local-url}}"
									],
									"path": [
										"signup"
									]
								}
							},
							"status": "Unprocessable Entity",
							"code": 422,
							"_postman_previewlanguage": "json",
							"header": [
								{
									"key": "X-Powered-By",
									"value": "Express"
								},
								{
									"key": "Access-Control-Allow-Origin",
									"value": "*"
								},
								{
									"key": "Content-Type",
									"value": "application/json; charset=utf-8"
								},
								{
									"key": "Content-Length",
									"value": "39"
								},
								{
									"key": "ETag",
									"value": "W/\"27-42Zuuyu3jArX5Dw0WY49/wjm83g\""
								},
								{
									"key": "Date",
									"value": "Sat, 26 Mar 2022 02:44:33 GMT"
								},
								{
									"key": "Connection",
									"value": "keep-alive"
								},
								{
									"key": "Keep-Alive",
									"value": "timeout=5"
								}
							],
							"cookie": [],
							"body": "{\n    \"error\": \"email and password required\"\n}"
						}
					]
				},
				{
					"name": "signin",
					"request": {
						"method": "POST",
						"header": [],
						"body": {
							"mode": "raw",
							"raw": "{\r\n\t\"email\": \"abc@gmail.com\",\r\n\t\"password\": \"123\"\r\n}",
							"options": {
								"raw": {
									"language": "json"
								}
							}
						},
						"url": {
							"raw": "{{local-url}}/signin",
							"host": [
								"{{local-url}}"
							],
							"path": [
								"signin"
							]
						}
					},
					"response": [
						{
							"name": "success-signin",
							"originalRequest": {
								"method": "POST",
								"header": [],
								"body": {
									"mode": "raw",
									"raw": "{\r\n\t\"email\": \"abc@gmail.com\",\r\n\t\"password\": \"123\"\r\n}",
									"options": {
										"raw": {
											"language": "json"
										}
									}
								},
								"url": {
									"raw": "{{local-url}}/signin",
									"host": [
										"{{local-url}}"
									],
									"path": [
										"signin"
									]
								}
							},
							"status": "OK",
							"code": 200,
							"_postman_previewlanguage": "json",
							"header": [
								{
									"key": "X-Powered-By",
									"value": "Express"
								},
								{
									"key": "Access-Control-Allow-Origin",
									"value": "*"
								},
								{
									"key": "Content-Type",
									"value": "application/json; charset=utf-8"
								},
								{
									"key": "Content-Length",
									"value": "191"
								},
								{
									"key": "ETag",
									"value": "W/\"bf-hfiM6emo8WasSlsuwBwGKHUyUuI\""
								},
								{
									"key": "Date",
									"value": "Sat, 26 Mar 2022 02:45:13 GMT"
								},
								{
									"key": "Connection",
									"value": "keep-alive"
								},
								{
									"key": "Keep-Alive",
									"value": "timeout=5"
								}
							],
							"cookie": [],
							"body": "{\n    \"token\": \"eyJhbGciOiJIUzI1NiIsInR5cCI6IkpXVCJ9.eyJ1c2VySWQiOiI2MjNlN2RhMzZjYzVjNDM1ODAxY2VjNDMiLCJpYXQiOjE2NDgyNjI3MTN9.4zD3Q4cVKi3W_OuSkTzFqgRB-6CAHUmyFdN3nRY4iKA\",\n    \"message\": \"Login success\"\n}"
						},
						{
							"name": "error-invalid Email & Password",
							"originalRequest": {
								"method": "POST",
								"header": [],
								"body": {
									"mode": "raw",
									"raw": "{\r\n\t\"email\": \"abc@gmail.com\",\r\n\t\"password\": \"1234\"\r\n}",
									"options": {
										"raw": {
											"language": "json"
										}
									}
								},
								"url": {
									"raw": "{{local-url}}/signin",
									"host": [
										"{{local-url}}"
									],
									"path": [
										"signin"
									]
								}
							},
							"status": "Unauthorized",
							"code": 401,
							"_postman_previewlanguage": "json",
							"header": [
								{
									"key": "X-Powered-By",
									"value": "Express"
								},
								{
									"key": "Access-Control-Allow-Origin",
									"value": "*"
								},
								{
									"key": "Content-Type",
									"value": "application/json; charset=utf-8"
								},
								{
									"key": "Content-Length",
									"value": "38"
								},
								{
									"key": "ETag",
									"value": "W/\"26-e4j+jysHc+s8D1dzmckzYRqD6TA\""
								},
								{
									"key": "Date",
									"value": "Sat, 26 Mar 2022 02:49:13 GMT"
								},
								{
									"key": "Connection",
									"value": "keep-alive"
								},
								{
									"key": "Keep-Alive",
									"value": "timeout=5"
								}
							],
							"cookie": [],
							"body": "{\n    \"error\": \"invalid Email and Password\"\n}"
						}
					]
				}
			]
		},
		{
			"name": "test-protected",
			"request": {
				"method": "GET",
				"header": [
					{
						"key": "Authorization",
						"value": "{{token}}",
						"type": "text"
					}
				],
				"url": {
					"raw": "{{local-url}}/test-protected",
					"host": [
						"{{local-url}}"
					],
					"path": [
						"test-protected"
					]
				}
			},
			"response": [
				{
					"name": "success-test-protected-success",
					"originalRequest": {
						"method": "GET",
						"header": [
							{
								"key": "Authorization",
								"value": "eyJhbGciOiJIUzI1NiIsInR5cCI6IkpXVCJ9.eyJ1c2VySWQiOiI2MTc5NTNiYmIyNzBiZTBiNmM2OWY4OWYiLCJpYXQiOjE2MzU1NTQ3NjN9.9SJV2X1vOzUj54aNjCJNYsFzwMLlui5gtkGOCc5jreY",
								"type": "text"
							}
						],
						"url": {
							"raw": "http://localhost:5000/api/test-protected",
							"protocol": "http",
							"host": [
								"localhost"
							],
							"port": "5000",
							"path": [
								"api",
								"test-protected"
							]
						}
					},
					"status": "OK",
					"code": 200,
					"_postman_previewlanguage": "json",
					"header": [
						{
							"key": "X-Powered-By",
							"value": "Express"
						},
						{
							"key": "Access-Control-Allow-Origin",
							"value": "*"
						},
						{
							"key": "Content-Type",
							"value": "application/json; charset=utf-8"
						},
						{
							"key": "Content-Length",
							"value": "77"
						},
						{
							"key": "ETag",
							"value": "W/\"4d-noDN6/YeDu/BX0zZ04jwwF3TG5E\""
						},
						{
							"key": "Date",
							"value": "Sat, 30 Oct 2021 00:46:24 GMT"
						},
						{
							"key": "Connection",
							"value": "keep-alive"
						},
						{
							"key": "Keep-Alive",
							"value": "timeout=5"
						}
					],
					"cookie": [],
					"body": "{\n    \"message\": \"Access in protected resources\",\n    \"user\": \"617953bbb270be0b6c69f89f\"\n}"
				},
				{
					"name": "error-test-protected-unauthorize user",
					"originalRequest": {
						"method": "GET",
						"header": [
							{
								"key": "Authorization",
								"value": "eyJhbGciOiJIUzI1NiIsInR5cCI6IkpXVCJ9.enJ1c2VySWQiOiI2MTc5NTNiYmIyNzBiZTBiNmM2OWY4OWYiLCJpYXQiOjE2MzU1NTQ3NjN9.9SJV2X1vOzUj54aNjCJNYsFzwMLlui5gtkGOCc5jreY",
								"type": "text"
							}
						],
						"url": {
							"raw": "http://localhost:5000/api/test-protected",
							"protocol": "http",
							"host": [
								"localhost"
							],
							"port": "5000",
							"path": [
								"api",
								"test-protected"
							]
						}
					},
					"status": "Unauthorized",
					"code": 401,
					"_postman_previewlanguage": "json",
					"header": [
						{
							"key": "X-Powered-By",
							"value": "Express"
						},
						{
							"key": "Access-Control-Allow-Origin",
							"value": "*"
						},
						{
							"key": "Content-Type",
							"value": "application/json; charset=utf-8"
						},
						{
							"key": "Content-Length",
							"value": "28"
						},
						{
							"key": "ETag",
							"value": "W/\"1c-RlgCX5MkeYGSIOh863+JuRe7lig\""
						},
						{
							"key": "Date",
							"value": "Sat, 30 Oct 2021 00:56:34 GMT"
						},
						{
							"key": "Connection",
							"value": "keep-alive"
						},
						{
							"key": "Keep-Alive",
							"value": "timeout=5"
						}
					],
					"cookie": [],
					"body": "{\n    \"error\": \"unauthorize user\"\n}"
				}
			]
		},
		{
			"name": "test-unprotected",
			"request": {
				"method": "GET",
				"header": [
					{
						"key": "Authorization",
						"value": "eyJhbGciOiJIUzI1NiIsInR5cCI6IkpXVCJ9.eyJ1c2VySWQiOiI2MTc5NTNiYmIyNzBiZTBiNmM2OWY4OWYiLCJpYXQiOjE2MzU1NTQ3NjN9.9SJV2X1vOzUj54aNjCJNYsFzwMLlui5gtkGOCc5jreY",
						"type": "text"
					}
				],
				"url": {
					"raw": "{{local-url}}/test-unprotected",
					"host": [
						"{{local-url}}"
					],
					"path": [
						"test-unprotected"
					]
				}
			},
			"response": [
				{
					"name": "test-unprotected",
					"originalRequest": {
						"method": "GET",
						"header": [
							{
								"key": "Authorization",
								"value": "eyJhbGciOiJIUzI1NiIsInR5cCI6IkpXVCJ9.eyJ1c2VySWQiOiI2MTc5NTNiYmIyNzBiZTBiNmM2OWY4OWYiLCJpYXQiOjE2MzU1NTQ3NjN9.9SJV2X1vOzUj54aNjCJNYsFzwMLlui5gtkGOCc5jreY",
								"type": "text"
							}
						],
						"url": {
							"raw": "http://localhost:5000/api/test-unprotected",
							"protocol": "http",
							"host": [
								"localhost"
							],
							"port": "5000",
							"path": [
								"api",
								"test-unprotected"
							]
						}
					},
					"status": "OK",
					"code": 200,
					"_postman_previewlanguage": "json",
					"header": [
						{
							"key": "X-Powered-By",
							"value": "Express"
						},
						{
							"key": "Access-Control-Allow-Origin",
							"value": "*"
						},
						{
							"key": "Content-Type",
							"value": "application/json; charset=utf-8"
						},
						{
							"key": "Content-Length",
							"value": "46"
						},
						{
							"key": "ETag",
							"value": "W/\"2e-n/FPZsnyZA51AGVmpgpXrQJMVrI\""
						},
						{
							"key": "Date",
							"value": "Sat, 30 Oct 2021 01:00:16 GMT"
						},
						{
							"key": "Connection",
							"value": "keep-alive"
						},
						{
							"key": "Keep-Alive",
							"value": "timeout=5"
						}
					],
					"cookie": [],
					"body": "{\n    \"message\": \"Access in Un-protected resources\"\n}"
				}
			]
		}
	],
	"auth": {
		"type": "bearer"
	},
	"event": [
		{
			"listen": "prerequest",
			"script": {
				"type": "text/javascript",
				"exec": [
					""
				]
			}
		},
		{
			"listen": "test",
			"script": {
				"type": "text/javascript",
				"exec": [
					""
				]
			}
		}
	]
}